run_timestamp_utc,benchmark_mode,fusion_point,variant,load_mode,device,batch,seq_len,hidden,out_dim,fused_median_ms,nonfused_median_ms,speedup,fused_p99_ms,nonfused_p99_ms,fused_throughput,nonfused_throughput,fused_peak_mem_mb,nonfused_peak_mem_mb,max_abs_diff,cosine_sim,kl_divergence
2026-06-15T19:59:36Z,sglang-fused-kernel,prefill,kernel,full,cuda:0,1,128,2048,248320,64.67967387288809,65.1741735637188,1.0076453646288095,86.91262826323509,78.57552170753479,1978.9833859019197,1963.9681334026939,0.0,0.0,nan,nan,nan
2026-06-15T19:59:36Z,sglang-fused-kernel,prefill,kernel,full,cuda:0,1,512,2048,248320,64.71854448318481,65.47323800623417,1.0116611634126822,78.14321666955948,80.32266795635223,7911.179154114443,7819.98898467873,0.0,0.0,nan,nan,nan
2026-06-15T19:59:36Z,sglang-fused-kernel,prefill,kernel,full,cuda:0,1,2048,2048,248320,66.81164633482695,65.78686833381653,0.9846616861396479,84.19006690382957,82.22828805446625,30653.33833769694,31130.832822258897,0.0,0.0,nan,nan,nan
2026-06-15T19:59:36Z,sglang-fused-kernel,prefill,kernel,full,cuda:0,8,128,2048,248320,67.9205171763897,68.5488861054182,1.009251533338544,81.80582523345947,99.88454729318619,15076.445860102483,14938.244195904761,0.0,0.0,nan,nan,nan
2026-06-15T19:59:36Z,sglang-fused-kernel,prefill,kernel,full,cuda:0,8,512,2048,248320,82.49156549572945,81.97972178459167,0.9937951994478239,86.10129915177822,88.15272897481918,49653.561250598985,49963.57527002312,0.0,0.0,nan,nan,nan
2026-06-15T19:59:36Z,sglang-fused-kernel,prefill,kernel,full,cuda:0,8,2048,2048,248320,205.20455855876207,204.4348567724228,0.9962490999627629,208.25104042887688,206.19291439652443,79842.28086876687,80142.88883347665,0.0,0.0,nan,nan,nan
2026-06-15T19:59:36Z,sglang-fused-kernel,prefill,kernel,full,cuda:0,32,128,2048,248320,116.82245135307312,116.45096354186535,0.9968200649198413,120.29788456857204,123.36759269237518,35061.75356328243,35173.6033384339,0.0,0.0,nan,nan,nan
2026-06-15T19:59:36Z,sglang-fused-kernel,prefill,kernel,full,cuda:0,32,512,2048,248320,213.39668706059456,212.37297914922237,0.9952027937946314,254.31082770228386,221.35380655527115,76777.19942928504,77147.29089187895,0.0,0.0,nan,nan,nan
2026-06-15T19:59:36Z,sglang-fused-kernel,prefill,kernel,full,cuda:0,32,2048,2048,248320,808.2670737057924,803.7014007568359,0.9943512817761788,828.3214550465345,820.1398849487305,81082.11027269307,81542.72213322701,0.0,0.0,nan,nan,nan
